tag,method,chip,seed,exit_code,peak_mem_mb,cpu_time_s,wall_s,hpwl,utilization,W,H,legal,overlap_pairs,outline_violations,verify_msg,note
blf_n100_s0,blf,n100,20260808,0,2.0,0.0,,296120.5,0.8595,455,459,False,0,1,out of outline b9,
blf_n200_s0,blf,n200,20260808,0,2.0,0.0,,565144.5,0.8853,450,441,True,0,0,ok,
blf_n300_s0,blf,n300,20260808,0,2.0,0.0,,856529.5,0.8967,561,543,True,0,0,ok,
bstar_mem_n100_s0,bstar_mem,n100,20260808,0,2.0,5.19,,292891.5,0.8905,455,443,True,0,0,ok,
bstar_mem_n100_s1,bstar_mem,n100,20260809,0,2.0,2.37,,308124.5,0.8885,455,444,True,0,0,ok,
bstar_mem_n100_s2,bstar_mem,n100,20260810,0,2.0,1.42,,304631.5,0.8925,454,443,True,0,0,ok,
bstar_mem_n100_s3,bstar_mem,n100,20260811,0,2.0,2.44,,302303.0,0.8747,451,455,True,0,0,ok,
bstar_mem_n100_s4,bstar_mem,n100,20260812,0,2.0,5.65,,225403.5,0.8786,455,449,True,0,0,ok,
bstar_mem_n100_s5,bstar_mem,n100,20260813,0,2.0,4.32,,239281.5,0.8864,452,448,True,0,0,ok,
bstar_mem_n100_s6,bstar_mem,n100,20260814,0,2.0,1.9,,303028.5,0.8728,453,454,True,0,0,ok,
bstar_mem_n100_s7,bstar_mem,n100,20260815,0,2.0,2.86,,296532.0,0.8926,442,455,True,0,0,ok,
bstar_mem_n100_s8,bstar_mem,n100,20260816,0,2.0,2.34,,286381.0,0.8926,442,455,True,0,0,ok,
bstar_mem_n100_s9,bstar_mem,n100,20260817,0,2.0,5.72,,301636.0,0.9007,438,455,True,0,0,ok,
bstar_mem_n200_s0,bstar_mem,n200,20260808,0,2.0,143.75,,1726420.5,0.2678,270,2430,False,0,161,out of outline b0,
bstar_mem_n200_s1,bstar_mem,n200,20260809,0,2.0,64.76,,407733.5,0.8833,444,448,True,0,0,ok,
bstar_mem_n200_s2,bstar_mem,n200,20260810,0,2.0,143.9,,395322.5,0.8774,445,450,True,0,0,ok,
bstar_mem_n200_s3,bstar_mem,n200,20260811,0,2.0,34.21,,568671.5,0.8934,437,450,True,0,0,ok,
bstar_mem_n200_s4,bstar_mem,n200,20260812,0,2.0,145.61,,1839688.0,0.2884,227,2684,False,0,163,out of outline b0,
bstar_mem_n200_s5,bstar_mem,n200,20260813,0,2.0,24.2,,561424.0,0.8955,436,450,True,0,0,ok,
bstar_mem_n200_s6,bstar_mem,n200,20260814,0,2.0,147.1,,1747943.5,0.258,262,2599,False,0,160,out of outline b1,
bstar_mem_n200_s7,bstar_mem,n200,20260815,0,2.0,93.14,,570579.0,0.8754,447,449,True,0,0,ok,
bstar_mem_n200_s8,bstar_mem,n200,20260816,0,2.0,88.59,,380261.0,0.8696,449,450,True,0,0,ok,
bstar_mem_n200_s9,bstar_mem,n200,20260817,0,2.0,144.26,,1707807.0,0.2947,247,2414,False,0,168,out of outline b3,
bstar_mem_n300_s0,bstar_mem,n300,20260808,0,2.0,606.7,,3131948.0,0.265,276,3735,False,0,254,out of outline b0,
bstar_mem_n300_s1,bstar_mem,n300,20260809,0,2.0,560.7,,3122843.5,0.2357,302,3838,False,0,250,out of outline b0,
bstar_mem_n300_s2,bstar_mem,n300,20260810,0,2.0,89.28,,842820.0,0.924,527,561,True,0,0,ok,
bstar_mem_n300_s3,bstar_mem,n300,20260811,0,2.0,408.23,,542906.0,0.8695,560,561,True,0,0,ok,
bstar_mem_n300_s4,bstar_mem,n300,20260812,0,2.0,227.46,,866104.5,0.8789,554,561,True,0,0,ok,
bstar_mem_n300_s5,bstar_mem,n300,20260813,0,2.0,338.81,,539845.5,0.8821,561,552,True,0,0,ok,
bstar_mem_n300_s6,bstar_mem,n300,20260814,0,2.0,419.09,,530944.5,0.8789,555,560,True,0,0,ok,
bstar_mem_n300_s7,bstar_mem,n300,20260815,0,2.0,86.62,,837653.5,0.8805,553,561,True,0,0,ok,
bstar_mem_n300_s8,bstar_mem,n300,20260816,0,2.0,75.85,,835906.5,0.9222,528,561,True,0,0,ok,
bstar_mem_n300_s9,bstar_mem,n300,20260817,0,2.0,111.15,,844365.5,0.8711,561,559,True,0,0,ok,
otree_sa_n100_s0,otree_sa,n100,20260808,0,2.0,4.26,,296482.5,0.8806,455,448,True,0,0,ok,
otree_sa_n100_s1,otree_sa,n100,20260809,0,2.0,4.43,,303644.0,0.867,455,455,True,0,0,ok,
otree_sa_n100_s2,otree_sa,n100,20260810,0,2.0,4.13,,258926.5,0.909,455,434,True,0,0,ok,
otree_sa_n100_s3,otree_sa,n100,20260811,0,2.0,16.19,,399146.0,0.3583,617,812,False,0,47,out of outline b11,
otree_sa_n100_s4,otree_sa,n100,20260812,0,2.0,4.37,,304854.5,0.867,455,455,True,0,0,ok,
otree_sa_n100_s5,otree_sa,n100,20260813,0,2.0,4.73,,304528.5,0.8709,455,453,True,0,0,ok,
otree_sa_n100_s6,otree_sa,n100,20260814,0,2.0,4.13,,303546.5,0.869,455,454,True,0,0,ok,
otree_sa_n100_s7,otree_sa,n100,20260815,0,2.0,12.01,,306752.0,0.8728,453,454,True,0,0,ok,
otree_sa_n100_s8,otree_sa,n100,20260816,0,2.0,4.12,,302501.0,0.8747,453,453,True,0,0,ok,
otree_sa_n100_s9,otree_sa,n100,20260817,0,2.0,4.15,,301010.0,0.8826,455,447,True,0,0,ok,
otree_sa_n200_s0,otree_sa,n200,20260808,0,2.0,126.94,,574447.0,0.8735,450,447,True,0,0,ok,
otree_sa_n200_s1,otree_sa,n200,20260809,0,2.0,32.44,,559258.5,0.8774,450,445,True,0,0,ok,
otree_sa_n200_s2,otree_sa,n200,20260810,0,2.0,32.28,,562496.0,0.8735,450,447,True,0,0,ok,
otree_sa_n200_s3,otree_sa,n200,20260811,0,2.0,32.25,,562031.5,0.8735,450,447,True,0,0,ok,
otree_sa_n200_s4,otree_sa,n200,20260812,0,2.0,29.1,,565610.5,0.8754,449,447,True,0,0,ok,
otree_sa_n200_s5,otree_sa,n200,20260813,0,2.0,32.64,,574539.0,0.8676,450,450,True,0,0,ok,
otree_sa_n200_s6,otree_sa,n200,20260814,0,2.0,36.95,,566497.5,0.8676,450,450,True,0,0,ok,
otree_sa_n200_s7,otree_sa,n200,20260815,0,2.0,30.14,,565135.5,0.8735,450,447,True,0,0,ok,
otree_sa_n200_s8,otree_sa,n200,20260816,0,2.0,215.02,,1055037.5,0.2964,446,1329,False,0,116,out of outline b12,
otree_sa_n200_s9,otree_sa,n200,20260817,0,2.0,31.79,,571242.5,0.8754,450,446,True,0,0,ok,
sp_random_n100_s0,sp_random,n100,20260808,0,2.0,16.1,,388749.5,0.3739,681,705,False,0,46,out of outline b1,
sp_random_n100_s1,sp_random,n100,20260809,0,2.0,16.97,,443075.0,0.3164,773,734,False,0,57,out of outline b0,
sp_random_n100_s2,sp_random,n100,20260810,0,2.0,17.43,,430795.0,0.2855,823,764,False,0,61,out of outline b0,
sp_random_n100_s3,sp_random,n100,20260811,0,2.0,17.67,,418167.0,0.2953,757,803,False,0,50,out of outline b2,
sp_random_n100_s4,sp_random,n100,20260812,0,2.0,17.8,,428672.0,0.3199,776,723,False,0,54,out of outline b0,
sp_random_n100_s5,sp_random,n100,20260813,0,2.0,18.0,,423197.0,0.2336,821,936,False,0,59,out of outline b1,
sp_random_n100_s6,sp_random,n100,20260814,0,2.0,18.05,,382488.5,0.3248,733,754,False,0,44,out of outline b0,
sp_random_n100_s7,sp_random,n100,20260815,0,2.0,18.07,,396623.0,0.3408,671,785,False,0,59,out of outline b1,
sp_random_n100_s8,sp_random,n100,20260816,0,2.0,18.08,,415545.0,0.3222,677,823,False,0,53,out of outline b0,
sp_random_n100_s9,sp_random,n100,20260817,0,2.0,18.1,,394595.5,0.3219,705,791,False,0,48,out of outline b1,
sp_random_n200_s0,sp_random,n200,20260808,0,2.0,340.94,,858653.0,0.2734,742,866,False,0,111,out of outline b1,
sp_random_n200_s1,sp_random,n200,20260809,0,2.0,340.45,,821563.5,0.2809,735,851,False,0,114,out of outline b0,
sp_random_n200_s2,sp_random,n200,20260810,0,2.0,337.63,,760723.0,0.2892,809,751,False,0,99,out of outline b0,
sp_random_n200_s3,sp_random,n200,20260811,0,2.0,347.4,,844929.0,0.2631,865,772,False,0,122,out of outline b0,
sp_random_n200_s4,sp_random,n200,20260812,0,2.0,304.17,,863339.5,0.2438,856,842,False,0,110,out of outline b2,
sp_random_n200_s5,sp_random,n200,20260813,0,2.0,309.82,,845439.5,0.2653,757,875,False,0,124,out of outline b1,
sp_random_n200_s6,sp_random,n200,20260814,0,2.0,304.88,,795791.5,0.2815,710,879,False,0,93,out of outline b0,
sp_random_n200_s7,sp_random,n200,20260815,0,2.0,412.95,,831750.5,0.2519,812,859,False,0,114,out of outline b3,
sp_random_n200_s8,sp_random,n200,20260816,0,2.0,425.63,,761329.5,0.3093,821,692,False,0,86,out of outline b0,
sp_random_n200_s9,sp_random,n200,20260817,0,2.0,424.58,,755894.5,0.3376,762,683,False,0,106,out of outline b4,
sp_random_n300_s0,sp_random,n300,20260808,0,2.0,1882.22,,1192269.5,0.266,1025,1002,False,0,156,out of outline b0,
sp_random_n300_s0,sp_random,n300,20260808,-1,,900.0,900.0,,,,,False,,,,timeout
sp_random_n300_s1,sp_random,n300,20260809,0,2.0,1840.58,,1215465.5,0.2874,989,961,False,0,164,out of outline b1,
sp_random_n300_s2,sp_random,n300,20260810,-2,,,,,,,,False,,,,killed_before_completion
sp_random_n300_s3,sp_random,n300,20260811,-2,,,,,,,,False,,,,killed_before_completion
sp_random_n300_s4,sp_random,n300,20260812,-2,,,,,,,,False,,,,killed_before_completion
sp_random_n300_s5,sp_random,n300,20260813,-2,,,,,,,,False,,,,killed_before_completion
sp_random_n300_s6,sp_random,n300,20260814,-2,,,,,,,,False,,,,killed_before_completion
sp_random_n300_s7,sp_random,n300,20260815,-2,,,,,,,,False,,,,killed_before_completion
sp_random_n300_s8,sp_random,n300,20260816,-2,,,,,,,,False,,,,killed_before_completion
sp_random_n300_s9,sp_random,n300,20260817,-2,,,,,,,,False,,,,killed_before_completion
sp_sa_n100_s0,sp_sa,n100,20260808,0,2.0,4.91,,275379.0,0.8964,451,444,True,0,0,ok,
sp_sa_n100_s1,sp_sa,n100,20260809,0,2.0,1.89,,313916.5,0.869,454,455,True,0,0,ok,
sp_sa_n100_s2,sp_sa,n100,20260810,0,2.0,5.87,,272768.0,0.9024,448,444,True,0,0,ok,
sp_sa_n100_s3,sp_sa,n100,20260811,0,2.0,8.03,,263745.5,0.8984,449,445,True,0,0,ok,
sp_sa_n100_s4,sp_sa,n100,20260812,0,2.0,3.59,,274542.5,0.9024,449,443,True,0,0,ok,
sp_sa_n100_s5,sp_sa,n100,20260813,0,2.0,9.12,,259291.0,0.9006,453,440,True,0,0,ok,
sp_sa_n100_s6,sp_sa,n100,20260814,0,2.0,2.89,,274004.5,0.8825,450,452,True,0,0,ok,
sp_sa_n100_s7,sp_sa,n100,20260815,0,2.0,3.08,,270561.5,0.9045,442,449,True,0,0,ok,
sp_sa_n100_s8,sp_sa,n100,20260816,0,2.0,2.56,,255865.5,0.8885,445,454,True,0,0,ok,
sp_sa_n100_s9,sp_sa,n100,20260817,0,2.0,2.99,,302425.5,0.869,454,455,True,0,0,ok,
sp_sa_n200_s0,sp_sa,n200,20260808,0,2.0,44.53,,553630.0,0.8676,450,450,True,0,0,ok,
sp_sa_n200_s1,sp_sa,n200,20260809,0,2.0,34.25,,575090.5,0.8676,450,450,True,0,0,ok,
sp_sa_n200_s2,sp_sa,n200,20260810,0,2.0,41.34,,561016.5,0.8676,450,450,True,0,0,ok,
sp_sa_n200_s3,sp_sa,n200,20260811,0,2.0,45.56,,580564.5,0.8676,450,450,True,0,0,ok,
sp_sa_n200_s4,sp_sa,n200,20260812,0,2.0,45.45,,483758.0,0.8833,449,443,True,0,0,ok,
sp_sa_n200_s5,sp_sa,n200,20260813,0,2.0,39.24,,473257.0,0.8913,446,442,True,0,0,ok,
sp_sa_n200_s6,sp_sa,n200,20260814,0,2.0,45.86,,466329.5,0.8813,447,446,True,0,0,ok,
sp_sa_n200_s7,sp_sa,n200,20260815,0,2.0,40.27,,571974.0,0.8696,450,449,True,0,0,ok,
sp_sa_n200_s8,sp_sa,n200,20260816,0,2.0,38.44,,476217.5,0.8735,450,447,True,0,0,ok,
sp_sa_n200_s9,sp_sa,n200,20260817,0,2.0,104.43,,562691.5,0.8676,450,450,True,0,0,ok,
sp_sa_n300_s0,sp_sa,n300,20260808,0,2.0,73.7,,845681.5,0.868,561,561,True,0,0,ok,
sp_sa_n300_s1,sp_sa,n300,20260809,0,2.0,83.49,,855425.5,0.868,561,561,True,0,0,ok,
sp_sa_n300_s2,sp_sa,n300,20260810,0,2.0,67.93,,854784.5,0.8695,560,561,True,0,0,ok,
sp_sa_n300_s3,sp_sa,n300,20260811,0,2.0,65.95,,839205.5,0.868,561,561,True,0,0,ok,
sp_sa_n300_s4,sp_sa,n300,20260812,0,2.0,94.65,,861770.5,0.868,561,561,True,0,0,ok,
sp_sa_n300_s5,sp_sa,n300,20260813,0,2.0,101.85,,847936.0,0.868,561,561,True,0,0,ok,
sp_sa_n300_s6,sp_sa,n300,20260814,0,2.0,85.08,,838350.5,0.868,561,561,True,0,0,ok,
sp_sa_n300_s7,sp_sa,n300,20260815,0,2.0,89.75,,846630.5,0.868,561,561,True,0,0,ok,
sp_sa_n300_s8,sp_sa,n300,20260816,0,2.0,63.45,,697619.5,0.8758,559,558,True,0,0,ok,
sp_sa_n300_s9,sp_sa,n300,20260817,0,2.0,82.97,,835280.0,0.868,561,561,True,0,0,ok,
